{"cameraMode":{"drawMode":0,"name":"Shaded","section":"Shading Mode"},"sceneLighting":true,"audioPlay":false,"sceneViewState":{"m_AlwaysRefresh":false,"showFog":true,"showSkybox":true,"showFlares":true,"showImageEffects":true,"showParticleSystems":true,"showVisualEffectGraphs":true,"m_FxEnabled":true},"in2DMode":false,"pivot":{"x":0.10199271142482758,"y":6.793315887451172,"z":-8.740612983703614},"rotation":{"x":0.41186314821243288,"y":0.002733711851760745,"z":-0.001235591247677803,"w":0.9112401008605957},"size":7.444799423217773,"orthographic":false}